202|||VI Mobile Newborn+Baby+Girls+Outfit+Clothes+Romper+Jumpsuit+Bodysuit%2BLace+Pants+UK+Stock
202|||VI Mobile Childrens+1st+Reborn+Doll+Baby+Boy+Big+Newborn+Size+Stefan+22%22+Rooted+Hair+UK
202|||ADD_TO_CART Mobile No_title_no_keyword
375|||HOMEPAGE Mobile No_title_no_keyword
375|||VI Mobile Big+Green+Egg+Grill+%26+Smoker+Rolling+Nests+SM%2C+MD%2C+LG.+XL+%26+XXL+FREE+SHIPPING%21
375|||VI Mobile 2013+14+Exquisite+UD+Signature+Kicks+LEBRON+JAMES+AUTOGRAPH+%2B+SHOE+%2318%2F35+RARE.
375|||ADD_TO_CART Mobile No_title_no_keyword
449|||VI Mobile Tokyo+Disney+Resort+2017+Rainbow+Series+Headband+Minnie+TDR+JAPAN
449|||HOMEPAGE Mobile No_title_no_keyword
449|||VI Mobile Disney+Parks+2+Pin+Lot+INSIDE+OUT+Joy+%26+Sadness+%2B+Spinner+Today+I%27m+Feeling
449|||ADD_TO_CART Mobile No_title_no_keyword
556|||HOMEPAGE Mobile No_title_no_keyword
556|||VI Mobile Floral+Lace+Triangle+Unpad+Bra+Overlayed+Bralette+Lingerie+Wireless+Top+Sexywear
556|||HOMEPAGE Mobile No_title_no_keyword
556|||VI Mobile 8970295040+%7C+ISUZU+RODEO+OEM+I-TEC+ENGINE+CONTROL+MODULE+UNIT+ECM+ECU+PCM
556|||ADD_TO_CART Mobile No_title_no_keyword
732|||HOMEPAGE PC No_title_no_keyword
732|||VI PC Various+Artists-Slow+Grind+Fever++%28UK+IMPORT%29++CD+NEW
732|||VI PC
732|||ADD_TO_CART PC No_title_no_keyword
769|||PRP Mobile No_title_no_keyword
769|||SEARCH Mobile gsm burglar alarm
769|||SEARCH Mobile gsm burglar alarm
769|||ADD_TO_CART Mobile No_title_no_keyword
803|||HOMEPAGE Mobile No_title_no_keyword
803|||VI Mobile Denver+Broncos+STANDARD+Authentic+Embossed+Leather+Billfold+Wallet+NFL
803|||VI Mobile DENVER+BRONCOS+++Leather+TriFold+Wallet++++NEW++++brown+3++m1
803|||ADD_TO_CART Mobile No_title_no_keyword
857|||VI PC Rodan+And+Fields+Lash+Boost%2C+Mini+Eye+Cream%2C+and+cute+bag+%28discontinued+Bundle%29
857|||HOMEPAGE PC No_title_no_keyword
857|||HOMEPAGE PC No_title_no_keyword
857|||VI PC Luxury+Aluminum+Ultra-thin+Metal+Back+%2B+PC+Case+Cover+For+Samsung+Galaxy+Phones
857|||ADD_TO_CART PC No_title_no_keyword
886|||VI Mobile BARRE+sumrak-M1+ORIGINALE+RUSSO+Mimetico+Suit-PARTIZAN
886|||HOMEPAGE Mobile No_title_no_keyword
886|||VI Mobile Russian+Army+Sleeve+Patch+Military+Internal+Troops+Uniform+MVD+Police+Chevron
886|||ADD_TO_CART Mobile No_title_no_keyword
1054|||HOMEPAGE Mobile No_title_no_keyword
1054|||HOMEPAGE Mobile No_title_no_keyword
1054|||VI Mobile 16g+5%2F16%22+Bioplast+Soft+Labret+Lip+Monroe+Tragus+Ring+Stud+Bioflex+Clear+2mm+Gem
1054|||VI Mobile 16PCS+TINY+2MM+PRESS+CZ+GEM+STEEL+LIP+RING+LABRET+MONROE+16g+INTERNAL+THREA
1054|||ADD_TO_CART Mobile No_title_no_keyword
1115|||PRP Mobile No_title_no_keyword
1115|||VI Mobile Restoration+Hardware+Vintage+Washed+Belgian+Linen+Quilted+Euro+Sham+-+Graphite
1115|||HOMEPAGE Mobile No_title_no_keyword
1115|||PRP Mobile No_title_no_keyword
1115|||HOMEPAGE Mobile No_title_no_keyword
1115|||PRP Mobile No_title_no_keyword
1115|||HOMEPAGE Mobile No_title_no_keyword
1115|||PRP Mobile No_title_no_keyword
1115|||HOMEPAGE Mobile No_title_no_keyword
1115|||HOMEPAGE Mobile No_title_no_keyword
1115|||HOMEPAGE Mobile No_title_no_keyword
1115|||HOMEPAGE Mobile No_title_no_keyword
1115|||VI Mobile Set+of+2+Wedgwood+%26%23034%3BWhite+Dolphins%26%23034%3B+R4652+8+1%2F8%26%23034%3B+Salad+Plates
1115|||ADD_TO_CART Mobile No_title_no_keyword
1120|||VI PC Authentic-GUCCI-black+Leather+L+Hobo+Bag+Tassle+Shoulder+Soho+GG+Bag
1120|||VI PC GUCCI+Guilty+Black+Patent+Water+Proof+Cosmetic+Pouch+Beauty+Clutch+Bag+Large+New
1120|||ADD_TO_CART PC No_title_no_keyword
1121|||HOMEPAGE Mobile No_title_no_keyword
1121|||HOMEPAGE Mobile No_title_no_keyword
1121|||HOMEPAGE Mobile No_title_no_keyword
1121|||HOMEPAGE Mobile No_title_no_keyword
1121|||HOMEPAGE Mobile No_title_no_keyword
1121|||HOMEPAGE Mobile No_title_no_keyword
1121|||VI Mobile LANCIA+PHEDRA+2004+POSTERIORE+COMPLETO+COFANO+BAULE+PORTELLONE+PARAURTI+FANALE+D
1121|||VI Mobile LANCIA+PHEDRA+2004+POSTERIORE+COMPLETO+COFANO+BAULE+PORTELLONE+PARAURTI+FANALE+D
1121|||ADD_TO_CART Mobile No_title_no_keyword
1147|||VI Mobile Womens+Ladies+Summer+Vest+Top+Sleeveless+Blouse+Casual+Tank+Tops+Cut+Out+T-Shirt
1147|||HOMEPAGE Mobile No_title_no_keyword
1147|||VI Mobile Hot+Womens+Lady+Platform+Party+Pumps+Shoes+Ankle+Strappy+High+Heel+UK+Size+Z485
1147|||ADD_TO_CART Mobile No_title_no_keyword
1173|||VI PC Playmobil%3A+novia+y+el+novio+con+Dama+De+Honor+Nuevo
1173|||VI PC
1173|||ADD_TO_CART PC No_title_no_keyword
1259|||HOMEPAGE PC No_title_no_keyword
1259|||VI PC OpenBox+Kingston+Brass+KB5612PL+Restoration+4-Inch+Centerset+Lavatory+Faucet%2C+Po
1259|||HOMEPAGE PC No_title_no_keyword
1259|||HOMEPAGE PC No_title_no_keyword
1259|||VI PC
1259|||ADD_TO_CART PC No_title_no_keyword
1352|||VI Mobile RAT+ROD+FRAME+PLANS+MODEL+A+CHASSIS+HOT+29+30+31+32+T+Z+COUPE+SEDAN+PICKUP+TRUCK
1352|||VI Mobile 1955+Ford+Truck+Grille+%E2%80%93+64%E2%80%9D+Long
1352|||ADD_TO_CART Mobile No_title_no_keyword
1426|||HOMEPAGE Mobile No_title_no_keyword
1426|||HOMEPAGE Mobile No_title_no_keyword
1426|||VI Mobile Pattern+Arrows+%28Set+of+32%29+Wall+Sticker+Nursery+Kids+Home+Boys+MS150VC
1426|||VI Mobile
1426|||ADD_TO_CART Mobile No_title_no_keyword
1616|||HOMEPAGE Mobile No_title_no_keyword
1616|||HOMEPAGE Mobile No_title_no_keyword
1616|||VI Mobile APPLE+IPHONE+6+16GB+GOLD+NUOVO+GRADO+A%2B%2B%2B+SIGILLATO+NO+FINGERPRINT
1616|||HOMEPAGE Mobile No_title_no_keyword
1616|||VI Mobile APPLE+IPHONE+6+16GB+GRADO+A+NERO+GREY+ORIGINALE+RIGENERATO+RICONDIZIONATO
1616|||ADD_TO_CART Mobile No_title_no_keyword
1628|||HOMEPAGE Mobile No_title_no_keyword
1628|||HOMEPAGE Mobile No_title_no_keyword
1628|||VI Mobile Apple+iPhone+7+%28PRODUCT%29RED+128GB+on+O2+Smartphone
1628|||VI Mobile Red+Wine+Glass+Cocktail+Moving+Liquid+3D+Gel+Case+Cover+For+iPhone+5+6+6S+7+Plus
1628|||ADD_TO_CART Mobile No_title_no_keyword
1630|||SEARCH PC kipling bernadine bag
1630|||PRP PC No_title_no_keyword
1630|||PRP PC No_title_no_keyword
1630|||HOMEPAGE PC No_title_no_keyword
1630|||HOMEPAGE PC No_title_no_keyword
1630|||PRP PC No_title_no_keyword
1630|||HOMEPAGE PC No_title_no_keyword
1630|||SEARCH PC chinese laundry mabel pump
1630|||ADD_TO_CART PC No_title_no_keyword
1659|||HOMEPAGE PC No_title_no_keyword
1659|||VI PC Husqvarna+22%26%23034%3B+149cc+Kohler+Gas+Engine+Self+Propelled+AWD+Lawn+Mower+%7C+HU675AWD
1659|||VI PC New+Zero+Gravity+Sofa+Chair+Recliner+PU+Leather+Home+Office+Furniture+Black
1659|||ADD_TO_CART PC No_title_no_keyword
1684|||VI Mobile Nike+Hypervenom+Phinish+NJR+FG+Neymar+Jordan+Soccer+Cleat+Sz+11.5+NEW+820122+006
1684|||HOMEPAGE Mobile No_title_no_keyword
1684|||VI Mobile NIKE+IGNITE+HYBRID+3+GOLF+CLUB+TRUE+TEMPER+UNIFLEX+STEEL+RH+RIGHT+HANDED+
1684|||ADD_TO_CART Mobile No_title_no_keyword
1882|||VI Mobile AUTORADIO+DVD%2FGPS%2FNAVI%2FDAB*%2FRADIO%2FBT%2FUSB%2FANDROID+4.4.4+Player+PEUGEOT+307+M017
1882|||VI Mobile PEUGEOT+307++DVD+OZI+GPS+NAVIGATION+ANDROID+STEREO+STEERING+IPHONE+%2BCCD+CAMERA
1882|||ADD_TO_CART Mobile No_title_no_keyword
1888|||HOMEPAGE Mobile No_title_no_keyword
1888|||VI Mobile RIMMEL+NATURAL+BRONZER+AND+SUN+SHIMMER+BRONZER+14G+****CHOOSE+COLOUR****
1888|||VI Mobile RIMMEL+HIDE+THE+BLEMISH+SAMPLE+CASE+CONCEALER+%7ECHOOSE+SHADE%7E
1888|||ADD_TO_CART Mobile No_title_no_keyword
2129|||HOMEPAGE PC No_title_no_keyword
2129|||VI PC Panini+Road+to+2018+WM+Russia+PREMIUM+GOLD+Special+Edition+-+5+Booster
2129|||HOMEPAGE PC No_title_no_keyword
2129|||VI PC LIMITED+EDITION+ROAD+TO+WORLD+CUP+2018+PANINI+ADRENALYN+XL+CARDS
2129|||ADD_TO_CART PC No_title_no_keyword
2198|||PRP PC No_title_no_keyword
2198|||VI PC 8oz+Bright+Neon+Bubblegum+Slime+Scented+%26amp%3B++Activator
2198|||VI PC Slime+Original%2C+Very+Stretchy%2C+Satisfying%2C+Kids+Toy%2C+SlimeNoel+Shop+%28+8oz.%29
2198|||ADD_TO_CART PC No_title_no_keyword
2648|||HOMEPAGE Mobile No_title_no_keyword
2648|||VI Mobile Nokia+6700+Slide+3G+Video+Calling+5MP+Camera+Unlocked+Phone+multicolours+choice
2648|||VI Mobile %7E+ORIGINAL+%7E+3G+Nokia+6700s+Slide+Mobile+Cell+Phone+Package+%7C+Unlocked+
2648|||ADD_TO_CART Mobile No_title_no_keyword
2743|||VI Mobile Large+metal+wall+art+Lillie%26%23039%3Bs+display
2743|||VI Mobile Arthouse+Love+Metallic+Wall+Art+canvas+framed+print+
2743|||ADD_TO_CART Mobile No_title_no_keyword
2745|||HOMEPAGE Mobile No_title_no_keyword
2745|||SEARCH Mobile kookai 36
2745|||HOMEPAGE Mobile No_title_no_keyword
2745|||HOMEPAGE Mobile No_title_no_keyword
2745|||HOMEPAGE Mobile No_title_no_keyword
2745|||SEARCH Mobile wax
2745|||ADD_TO_CART Mobile No_title_no_keyword
2753|||VI Mobile pokebox+%2Blot+de+100+cartes+pokemon+avec+1ou2++ultra+rare+%2C25revers%2C15rare+%2C2holo
2753|||VI Mobile ENORME+lot+100+cartes+pokemon+dont+100+PV+et+%2B+%21+Holos+rares+francaise+%2B+1+EX+FA
2753|||ADD_TO_CART Mobile No_title_no_keyword
3029|||HOMEPAGE Mobile No_title_no_keyword
3029|||VI Mobile CALVIN+KLEIN+WOMEN%27S+UNDERWEAR+BRA+%26+BRIEF+SET+*UK+SELLER*
3029|||HOMEPAGE Mobile No_title_no_keyword
3029|||VI Mobile Fashion+Summer+Man+%2F+Women+Lover+Short+Sleeve+Casual+Blouse+Shirt+Tops+T-shirt
3029|||ADD_TO_CART Mobile No_title_no_keyword
3169|||HOMEPAGE PC No_title_no_keyword
3169|||VI PC %D0%9F%D1%80%D0%BE%D1%84%D0%B5%D1%81%D1%81%D0%B8%D0%BE%D0%BD%D0%B0%D0%BB%D1%8C%D0%BD%D0%B0%D1%8F+%D0%BF%D0%B0%D1%80%D0%B8%D0%BA%D0%BC%D0%B0%D1%85%D0%B5%D1%80%D1%81%D0%BA%D0%B0%D1%8F+%D1%81%D0%B0%D0%BB%D0%BE%D0%BD+%D0%B2%D0%BE%D0%BB%D0%BE%D1%81%D1%8B+%D1%80%D0%B5%D0%B7%D0%BA%D0%B8+%D1%84%D0%B8%D0%BB%D0%B8%D1%80%D0%BE%D0%B2%D0%BE%D1%87%D0%BD%D1%8B%D0%B5+%D0%BD%D0%BE%D0%B6%D0%BD%D0%B8%D1%86%D1%8B+%D0%9D%D0%BE%D0%B6%D0%BD%D0%B8%D1%86%D1%8B+%D0%BF%D0%B0%D1%80%D0%B8%D0%BA%D0%BC%D0%B0%D1%85%D0%B5%D1%80%D1%81%D0%BA%D0%B8%D0%B5+3+%D1%86%D0%B2%D0%B5%D1%82%D0%BE%D0%B2
3169|||HOMEPAGE PC No_title_no_keyword
3169|||HOMEPAGE PC No_title_no_keyword
3169|||VI PC %D0%9C%D0%B0%D1%88%D0%B8%D0%BD%D0%BA%D0%B0+%D0%B4%D0%BB%D1%8F+%D1%81%D1%82%D1%80%D0%B8%D0%B6%D0%BA%D0%B8+Wahl+1395.0466
3169|||ADD_TO_CART PC No_title_no_keyword
3216|||HOMEPAGE Mobile No_title_no_keyword
3216|||HOMEPAGE Mobile No_title_no_keyword
3216|||HOMEPAGE Mobile No_title_no_keyword
3216|||VI Mobile 20+KG+Sunflower+Hearts+Seed+Premium+Bakery+Grade+Dehulled+20kg+Wild+Bird+Food
3216|||VI Mobile 20kg+Sunflower+Hearts+Wild+Bird+Food+PREMIUM+BAKERY+GRADE+Dehulled+Kernels+Seeds
3216|||ADD_TO_CART Mobile No_title_no_keyword
3227|||HOMEPAGE Mobile No_title_no_keyword
3227|||HOMEPAGE Mobile No_title_no_keyword
3227|||VI Mobile Zenus+Lens+Vintage+Leather+Carrying+Bag+Protect+Zipup+Case+For+Sony+ILCE+QX1
3227|||VI Mobile Zenus+Lens+Vintage+Leather+Carrying+Bag+Protect+Zipup+Case+For+Sony+ILCE+QX1
3227|||ADD_TO_CART Mobile No_title_no_keyword
3245|||VI Mobile Roller+Derby+Viper+M4+Womens+Speed+Quad+Skate+Size+6+White%2FPurple%2FBlack+NEW
3245|||VI Mobile Pro-Tec+Street+Knee+Pads%2C+Small++Pre-Owned
3245|||ADD_TO_CART Mobile No_title_no_keyword
3453|||HOMEPAGE PC No_title_no_keyword
3453|||HOMEPAGE PC No_title_no_keyword
3453|||HOMEPAGE PC No_title_no_keyword
3453|||VI PC OpenBox+Coaster+Bar+Stools%2C+Solid+Wood+Cappuccino+with+Wheat+Back%2C30%26%23034%3BH%2CSet+of+2
3453|||HOMEPAGE PC No_title_no_keyword
3453|||VI PC
3453|||ADD_TO_CART PC No_title_no_keyword
3493|||HOMEPAGE Mobile No_title_no_keyword
3493|||SEARCH Mobile kicker 12 l7
3493|||HOMEPAGE Mobile No_title_no_keyword
3493|||HOMEPAGE Mobile No_title_no_keyword
3493|||SEARCH Mobile
3493|||HOMEPAGE Mobile No_title_no_keyword
3493|||HOMEPAGE Mobile No_title_no_keyword
3493|||HOMEPAGE Mobile No_title_no_keyword
3493|||ADD_TO_CART Mobile No_title_no_keyword
3713|||VI Mobile MANCHON+65MM+RACCORD+DOUBLE+LIGNE+ECHAPPEMENT+DIAM+65+mm+pour+BMW
3713|||VI Mobile RENAULT+ESPACE+III+1997-2002+Deflecteurs+de+vent+4-pi%C3%A8ces+HEKO+Bulles
3713|||ADD_TO_CART Mobile No_title_no_keyword
3777|||VI Mobile 3D+Fidget+Finger+Hand+Tri-Spinner+EDC+Ceramic+Bearing+Gift+Toys+Relieve+Stress+.
3777|||HOMEPAGE Mobile No_title_no_keyword
3777|||HOMEPAGE Mobile No_title_no_keyword
3777|||HOMEPAGE Mobile No_title_no_keyword
3777|||VI Mobile Blunt+reaper+bars%2C+black+stunt+scooter
3777|||ADD_TO_CART Mobile No_title_no_keyword
3798|||VI Mobile Apple+iPhone+6%2F+PLUS%2F+6S+16GB+64GB+128GB+-Gold%2FSilver%2FGrey%2FRose+UNLOCKED+SIMFREE
3798|||VI Mobile Apple+iPhone+6%2F+PLUS%2F+6S+16GB+64GB+128GB+-Gold%2FSilver%2FGrey%2FRose+UNLOCKED+SIMFREE
3798|||ADD_TO_CART Mobile No_title_no_keyword
3853|||HOMEPAGE Mobile No_title_no_keyword
3853|||VI Mobile CREMA+PIEDI+MULTIACTIVE+5+IN+1+ALGGA+SAN
3853|||HOMEPAGE Mobile No_title_no_keyword
3853|||HOMEPAGE Mobile No_title_no_keyword
3853|||VI Mobile Allga+san+crema+balsamica+per+piedi+100+ml
3853|||ADD_TO_CART Mobile No_title_no_keyword
4000|||VI Mobile HONDA+TRX+250+CDI+UNIT+BLACK+BOX+-+BRAIN++++97+-+01+ATV+QUAD+WRECKERS
4000|||HOMEPAGE Mobile No_title_no_keyword
4000|||VI Mobile Hub+socket+Toyota+Landcruiser+40+45+47+55+60+61+62+73+75+78+79+80+100+105+series
4000|||ADD_TO_CART Mobile No_title_no_keyword
4026|||HOMEPAGE Mobile No_title_no_keyword
4026|||VI Mobile Large+Fashion+Insulated+Lunch+Tote+Double+handles+Bag
4026|||VI Mobile Small+Fashion+Insulated+Lunch+Tote+Double+handles+Double+handles+Bag
4026|||ADD_TO_CART Mobile No_title_no_keyword
4334|||HOMEPAGE Mobile No_title_no_keyword
4334|||HOMEPAGE Mobile No_title_no_keyword
4334|||SEARCH Mobile ebay
4334|||SEARCH Mobile sony ericsson xperia play
4334|||ADD_TO_CART Mobile No_title_no_keyword
4395|||VI Mobile Harley+Davidson+Bracelet+montre-bracelet+76A04+hommes
4395|||VI Mobile Harley+Davidson+Bracelet+montre-bracelet+76A04+hommes
4395|||ADD_TO_CART Mobile No_title_no_keyword
4406|||HOMEPAGE Mobile No_title_no_keyword
4406|||VI Mobile Luxury+Card+Slot+Wallet+Flip+Stand+Case+Cover+With+Mirror+For+iPhone+7+7+Plus
4406|||VI Mobile Flip+Mirror+Hard+Cases+With+Wallet+Card+Holder+Stand+Cover+For+iPhone+6+6S+Plus
4406|||ADD_TO_CART Mobile No_title_no_keyword
4412|||VI Mobile Karcher+IDROPULITRICE+K+2.300+%2B+Accessorio+T50+-+1.673-206.0
4412|||VI Mobile IQOS+White+or+Blu+Slate+Scalda+e+Non+Brucia+Il+Tabacco
4412|||ADD_TO_CART Mobile No_title_no_keyword
4545|||HOMEPAGE Mobile No_title_no_keyword
4545|||VI Mobile Ladies+Mango+Dress+In+Yellow+Size+M+%28uk10%29+*perfect+for+wedding+season*
4545|||VI Mobile Women+Blouse+Chiffon+Long+Sleeve+Ladies+T+Shirt+Casual+Loose+Short+Dress+Tops
4545|||ADD_TO_CART Mobile No_title_no_keyword
4546|||PRP PC No_title_no_keyword
4546|||PRP PC No_title_no_keyword
4546|||VI PC Aluminum+Hand+Spinner+Tri+Fidget+Ceramic+Bearing+Desk+Focus+Toy+EDC+Finger+Gyro
4546|||HOMEPAGE PC No_title_no_keyword
4546|||HOMEPAGE PC No_title_no_keyword
4546|||VI PC New+Black+Henna+Lace+Temporary+Tattoo+Metallic+Tattoo+Inspired+Sticker+Body+Art
4546|||ADD_TO_CART PC No_title_no_keyword
4734|||PRP Mobile No_title_no_keyword
4734|||VI Mobile Mens+Los+Angeles+Lakers+New+Lonzo+Ball+%232+Black+Swingman+Sewn+Jersey+S-2XL
4734|||PRP Mobile No_title_no_keyword
4734|||PRP Mobile No_title_no_keyword
4734|||HOMEPAGE Mobile No_title_no_keyword
4734|||VI Mobile NCAA+Throwback+Basketball+Jersey+LONZO+BALL+2+UCLA+Bruins+White+Men+NWT
4734|||ADD_TO_CART Mobile No_title_no_keyword
4838|||HOMEPAGE PC No_title_no_keyword
4838|||VI PC Adjustable++Archtop+Rosewood+%2FChrome+Guitar+Bridge+Free+Delivery+
4838|||VI PC Archtop+Guitar+Rosewood+Bridge+with+Chrome+Pld+Regular+Saddles+Adjustable
4838|||ADD_TO_CART PC No_title_no_keyword
5008|||HOMEPAGE Mobile No_title_no_keyword
5008|||HOMEPAGE Mobile No_title_no_keyword
5008|||HOMEPAGE Mobile No_title_no_keyword
5008|||VI Mobile Ricoma+PSP-990+Steam+Ironing+Press+22.5x11%26%23034%3B+Pressing+Board+1350+Watts
5008|||HOMEPAGE Mobile No_title_no_keyword
5008|||VI Mobile
5008|||ADD_TO_CART Mobile No_title_no_keyword
5044|||VI Mobile Bilderrahmen+BAROCK+Fotorahmen+Bildergalerie+Tisch+Rahmen+Antik+Shabby+Chic
5044|||PRP Mobile No_title_no_keyword
5044|||VI Mobile iPad+Pro+10.5+Case+Marble+Print+Smart+Slim+Leather+Cover+For+Apple+Mini+3+4+Air
5044|||ADD_TO_CART Mobile No_title_no_keyword
5141|||HOMEPAGE Mobile No_title_no_keyword
5141|||VI Mobile Replacement+Parts+For+Amazon+Kindle+3+ink+Screen+LCD+Display+ED060SC7+%28LF%29
5141|||HOMEPAGE Mobile No_title_no_keyword
5141|||HOMEPAGE Mobile No_title_no_keyword
5141|||HOMEPAGE Mobile No_title_no_keyword
5141|||HOMEPAGE Mobile No_title_no_keyword
5141|||HOMEPAGE Mobile No_title_no_keyword
5141|||HOMEPAGE Mobile No_title_no_keyword
5141|||HOMEPAGE Mobile No_title_no_keyword
5141|||HOMEPAGE Mobile No_title_no_keyword
5141|||VI Mobile 10+X++Ramshorn+Snails+Assorted+Colours++%28Algae+Eaters+And+Live+Pufferfish+Food+%29
5141|||HOMEPAGE Mobile No_title_no_keyword
5141|||HOMEPAGE Mobile No_title_no_keyword
5141|||HOMEPAGE Mobile No_title_no_keyword
5141|||HOMEPAGE Mobile No_title_no_keyword
5141|||HOMEPAGE Mobile No_title_no_keyword
5141|||HOMEPAGE Mobile No_title_no_keyword
5141|||PRP Mobile No_title_no_keyword
5141|||HOMEPAGE Mobile No_title_no_keyword
5141|||HOMEPAGE Mobile No_title_no_keyword
5141|||HOMEPAGE Mobile No_title_no_keyword
5141|||HOMEPAGE Mobile No_title_no_keyword
5141|||HOMEPAGE Mobile No_title_no_keyword
5141|||HOMEPAGE Mobile No_title_no_keyword
5141|||HOMEPAGE Mobile No_title_no_keyword
5141|||HOMEPAGE Mobile No_title_no_keyword
5141|||HOMEPAGE Mobile No_title_no_keyword
5141|||HOMEPAGE Mobile No_title_no_keyword
5141|||HOMEPAGE Mobile No_title_no_keyword
5141|||HOMEPAGE Mobile No_title_no_keyword
5141|||PRP Mobile No_title_no_keyword
5141|||HOMEPAGE Mobile No_title_no_keyword
5141|||HOMEPAGE Mobile No_title_no_keyword
5141|||HOMEPAGE Mobile No_title_no_keyword
5141|||HOMEPAGE Mobile No_title_no_keyword
5141|||HOMEPAGE Mobile No_title_no_keyword
5141|||HOMEPAGE Mobile No_title_no_keyword
5141|||HOMEPAGE Mobile No_title_no_keyword
5141|||HOMEPAGE Mobile No_title_no_keyword
5141|||PRP Mobile No_title_no_keyword
5141|||PRP Mobile No_title_no_keyword
5141|||HOMEPAGE Mobile No_title_no_keyword
5141|||HOMEPAGE Mobile No_title_no_keyword
5141|||HOMEPAGE Mobile No_title_no_keyword
5141|||HOMEPAGE Mobile No_title_no_keyword
5141|||HOMEPAGE Mobile No_title_no_keyword
5141|||HOMEPAGE Mobile No_title_no_keyword
5141|||HOMEPAGE Mobile No_title_no_keyword
5141|||HOMEPAGE Mobile No_title_no_keyword
5141|||HOMEPAGE Mobile No_title_no_keyword
5141|||HOMEPAGE Mobile No_title_no_keyword
5141|||HOMEPAGE Mobile No_title_no_keyword
5141|||HOMEPAGE Mobile No_title_no_keyword
5141|||PRP Mobile No_title_no_keyword
5141|||PRP Mobile No_title_no_keyword
5141|||PRP Mobile No_title_no_keyword
5141|||HOMEPAGE Mobile No_title_no_keyword
5141|||HOMEPAGE Mobile No_title_no_keyword
5141|||PRP Mobile No_title_no_keyword
5141|||PRP Mobile No_title_no_keyword
5141|||PRP Mobile No_title_no_keyword
5141|||PRP Mobile No_title_no_keyword
5141|||PRP Mobile No_title_no_keyword
5141|||HOMEPAGE Mobile No_title_no_keyword
5141|||HOMEPAGE Mobile No_title_no_keyword
5141|||HOMEPAGE Mobile No_title_no_keyword
5141|||HOMEPAGE Mobile No_title_no_keyword
5141|||HOMEPAGE Mobile No_title_no_keyword
